{"cameraMode":{"drawMode":0,"name":"Shaded","section":"Shading Mode"},"sceneLighting":false,"audioPlay":false,"sceneViewState":{"showFog":true,"showMaterialUpdate":false,"showSkybox":false,"showFlares":true,"showImageEffects":true,"showParticleSystems":true},"in2DMode":false,"pivot":{"x":0.11314594745635987,"y":0.0027176402509212496,"z":7.027060508728027},"rotation":{"x":0.06406509131193161,"y":0.8052947521209717,"z":-0.08853355050086975,"w":0.5827214121818543},"size":0.13002997636795045,"orthographic":false}